PS2 Address,PC Address,Anchor,ID,Name,Type
1CDBB84,2A6A634,Sys3+10884,1,Potion,Battle Consumable
1CDBB9C,2A6A64C,Sys3+1089C,2,Hi-Potion,Battle Consumable
1CDBBB4,2A6A664,Sys3+108B4,3,Ether,Battle Consumable
1CDBBCC,2A6A67C,Sys3+108CC,4,Elixir,Battle Consumable
1CDBBE4,2A6A694,Sys3+108E4,5,Mega-Potion,Battle Consumable
1CDBBFC,2A6A6AC,Sys3+108FC,6,Mega-Ether,Battle Consumable
1CDBC14,2A6A6C4,Sys3+10914,7,Megalixir,Battle Consumable
1CDBC2C,2A6A6DC,Sys3+1092C,83,Tent,Menu Consumable
1CDBC44,2A6A6F4,Sys3+10944,112,Drive Recovery,Menu Consumable
1CDBC5C,2A6A70C,Sys3+1095C,113,High Drive Recovery,Menu Consumable
1CDBC74,2A6A724,Sys3+10974,114,Power Boost,Menu Consumable
1CDBC8C,2A6A73C,Sys3+1098C,115,Magic Boost,Menu Consumable
1CDBCA4,2A6A754,Sys3+109A4,116,Defense Boost,Menu Consumable
1CDBCBC,2A6A76C,Sys3+109BC,117,AP Boost,Menu Consumable
1CDBCD4,2A6A784,Sys3+109D4,20,Torn Pages,Key Item
1CDBCEC,2A6A79C,Sys3+109EC,017E,Mega-Recipe,Key Item
1CDBD04,2A6A7B4,Sys3+10A04,01C1,Star Recipe,Key Item
1CDBD1C,2A6A7CC,Sys3+10A1C,01C2,Recovery Recipe,Key Item
1CDBD34,2A6A7E4,Sys3+10A34,01C3,Skill Recipe,Key Item
1CDBD4C,2A6A7FC,Sys3+10A4C,01C4,Guard Recipe,Key Item
1CDBD64,2A6A814,Sys3+10A64,01C5,Dummy 06,Key Item
1CDBD7C,2A6A82C,Sys3+10A7C,01C6,Dummy 07,Key Item
1CDBD94,2A6A844,Sys3+10A94,01C7,Dummy 08,Key Item
1CDBDAC,2A6A85C,Sys3+10AAC,01C8,Dummy 09,Key Item
1CDBDC4,2A6A874,Sys3+10AC4,01C9,Dummy 10,Key Item
1CDBDDC,2A6A88C,Sys3+10ADC,01CA,Dummy 11,Key Item
1CDBDF4,2A6A8A4,Sys3+10AF4,01CB,Dummy 12,Key Item
1CDBE0C,2A6A8BC,Sys3+10B0C,01CC,Dummy 13,Key Item
1CDBE24,2A6A8D4,Sys3+10B24,01CD,Dummy 14,Key Item
1CDBE3C,2A6A8EC,Sys3+10B3C,01CE,Dummy 15,Key Item
1CDBE54,2A6A904,Sys3+10B54,01CF,Dummy 16,Key Item
1CDBE6C,2A6A91C,Sys3+10B6C,01D2,Book of Shadows,Key Item
1CDBE84,2A6A934,Sys3+10B84,01D3,Cloaked Thunder,Key Item
1CDBE9C,2A6A94C,Sys3+10B9C,01D1,Strength Beyond Strength,Key Item
1CDBEB4,2A6A964,Sys3+10BB4,01D0,Road to Discovery,Key Item
1CDBECC,2A6A97C,Sys3+10BCC,01D4,Eternal Blossom,Key Item
1CDBEE4,2A6A994,Sys3+10BE4,01D5,Rare Document,Key Item
1CDBEFC,2A6A9AC,Sys3+10BFC,01D6,Dummy 23,Key Item
1CDBF14,2A6A9C4,Sys3+10C14,01D7,Dummy 24,Key Item
1CDBF2C,2A6A9DC,Sys3+10C2C,01D8,Dummy 25,Key Item
1CDBF44,2A6A9F4,Sys3+10C44,01D9,Dummy 26,Key Item
1CDBF5C,2A6AA0C,Sys3+10C5C,01DA,Dummy 27,Key Item
1CDBF74,2A6AA24,Sys3+10C74,01DB,Style Recipe,Key Item
1CDBF8C,2A6AA3C,Sys3+10C8C,01DC,Moon Recipe,Key Item
1CDBFA4,2A6AA54,Sys3+10CA4,01DD,Queen Recipe,Key Item
1CDBFBC,2A6AA6C,Sys3+10CBC,01DE,King Recipe,Key Item
1CDBFD4,2A6AA84,Sys3+10CD4,01DF,Ultimate Recipe,Key Item
1CDBFEC,2A6AA9C,Sys3+10CEC,251,Proof of Connection,Key Item
1CDC004,2A6AAB4,Sys3+10D04,252,Proof of Nonexistence,Key Item
1CDC01C,2A6AACC,Sys3+10D1C,253,Proof of Peace,Key Item
1CDC034,2A6AAE4,Sys3+10D34,016A,Munny Pouch,Key Item
1CDC04C,2A6AAFC,Sys3+10D4C,217,Munny Pouch,Key Item
1CDC064,2A6AB14,Sys3+10D64,016B,Crystal Orb,Key Item
1CDC07C,2A6AB2C,Sys3+10D7C,021A,The Struggle Trophy,Key Item
1CDC094,2A6AB44,Sys3+10D94,016C,Seifer´s Trophy,Key Item
1CDC0AC,2A6AB5C,Sys3+10DAC,016D,Tournament Poster,Key Item
1CDC0C4,2A6AB74,Sys3+10DC4,016E,Poster,Key Item
1CDC0DC,2A6AB8C,Sys3+10DDC,016F,Letter,Key Item
1CDC0F4,2A6ABA4,Sys3+10DF4,170,Naminé´s Sketches,Key Item
1CDC10C,2A6ABBC,Sys3+10E0C,171,Membership Card,Key Item
1CDC124,2A6ABD4,Sys3+10E24,172,Olympus Stone,Key Item
1CDC13C,2A6ABEC,Sys3+10E3C,173,Auron´s Statue,Key Item
1CDC154,2A6AC04,Sys3+10E54,174,Cursed Medallion,Key Item
1CDC16C,2A6AC1C,Sys3+10E6C,175,Present,Key Item
1CDC184,2A6AC34,Sys3+10E84,176,Decoy Presents,Key Item
1CDC19C,2A6AC4C,Sys3+10E9C,177,Ice Cream,Key Item
1CDC1B4,2A6AC64,Sys3+10EB4,178,Picture,Key Item
1CDC1CC,2A6AC7C,Sys3+10ECC,020C,Promise Charm,Key Item
1CDC1E4,2A6AC94,Sys3+10EE4,219,Hades Cup Trophy,Key Item
1CDC1FC,2A6ACAC,Sys3+10EFC,0,Secret Ansem Report 1,Report
1CDC214,2A6ACC4,Sys3+10F14,0,Secret Ansem Report 2,Report
1CDC22C,2A6ACDC,Sys3+10F2C,0,Secret Ansem Report 3,Report
1CDC244,2A6ACF4,Sys3+10F44,0,Secret Ansem Report 4,Report
1CDC25C,2A6AD0C,Sys3+10F5C,0,Secret Ansem Report 5,Report
1CDC274,2A6AD24,Sys3+10F74,0,Secret Ansem Report 6,Report
1CDC28C,2A6AD3C,Sys3+10F8C,0,Secret Ansem Report 7,Report
1CDC2A4,2A6AD54,Sys3+10FA4,0,Secret Ansem Report 8,Report
1CDC2BC,2A6AD6C,Sys3+10FBC,00EA,Secret Ansem Report 9,Report
1CDC2D4,2A6AD84,Sys3+10FD4,00EB,Secret Ansem Report 10,Report
1CDC2EC,2A6AD9C,Sys3+10FEC,00EC,Secret Ansem Report 11,Report
1CDC304,2A6ADB4,Sys3+11004,00ED,Secret Ansem Report 12,Report
1CDC31C,2A6ADCC,Sys3+1101C,00EE,Secret Ansem Report 13,Report
1CDC334,2A6ADE4,Sys3+11034,013D,Blazing Shard,Synthesis Material
1CDC34C,2A6ADFC,Sys3+1104C,013E,Blazing Stone,Synthesis Material
1CDC364,2A6AE14,Sys3+11064,013F,Blazing Gem,Synthesis Material
1CDC37C,2A6AE2C,Sys3+1107C,140,Blazing Crystal,Synthesis Material
1CDC394,2A6AE44,Sys3+11094,017A,Frost Shard,Synthesis Material
1CDC3AC,2A6AE5C,Sys3+110AC,017B,Frost Stone,Synthesis Material
1CDC3C4,2A6AE74,Sys3+110C4,017C,Frost Gem,Synthesis Material
1CDC3DC,2A6AE8C,Sys3+110DC,017D,Frost Crystal,Synthesis Material
1CDC3F4,2A6AEA4,Sys3+110F4,145,Lightning Shard,Synthesis Material
1CDC40C,2A6AEBC,Sys3+1110C,146,Lightning Stone,Synthesis Material
1CDC424,2A6AED4,Sys3+11124,147,Lightning Gem,Synthesis Material
1CDC43C,2A6AEEC,Sys3+1113C,148,Lightning Crystal,Synthesis Material
1CDC454,2A6AF04,Sys3+11154,014D,Lucid Shard,Synthesis Material
1CDC46C,2A6AF1C,Sys3+1116C,014E,Lucid Stone,Synthesis Material
1CDC484,2A6AF34,Sys3+11184,014F,Lucid Gem,Synthesis Material
1CDC49C,2A6AF4C,Sys3+1119C,150,Lucid Crystal,Synthesis Material
1CDC4B4,2A6AF64,Sys3+111B4,149,Power Shard,Synthesis Material
1CDC4CC,2A6AF7C,Sys3+111CC,014A,Power Stone,Synthesis Material
1CDC4E4,2A6AF94,Sys3+111E4,014B,Power Gem,Synthesis Material
1CDC4FC,2A6AFAC,Sys3+111FC,014C,Power Crystal,Synthesis Material
1CDC514,2A6AFC4,Sys3+11214,118,Dark Shard,Synthesis Material
1CDC52C,2A6AFDC,Sys3+1122C,119,Dark Stone,Synthesis Material
1CDC544,2A6AFF4,Sys3+11244,011A,Dark Gem,Synthesis Material
1CDC55C,2A6B00C,Sys3+1125C,011B,Dark Crystal,Synthesis Material
1CDC574,2A6B024,Sys3+11274,151,Dense Shard,Synthesis Material
1CDC58C,2A6B03C,Sys3+1128C,152,Dense Stone,Synthesis Material
1CDC5A4,2A6B054,Sys3+112A4,153,Dense Gem,Synthesis Material
1CDC5BC,2A6B06C,Sys3+112BC,154,Dense Crystal,Synthesis Material
1CDC5D4,2A6B084,Sys3+112D4,155,Twilight Shard,Synthesis Material
1CDC5EC,2A6B09C,Sys3+112EC,156,Twilight Stone,Synthesis Material
1CDC604,2A6B0B4,Sys3+11304,157,Twilight Gem,Synthesis Material
1CDC61C,2A6B0CC,Sys3+1131C,158,Twilight Crystal,Synthesis Material
1CDC634,2A6B0E4,Sys3+11334,159,Mythril Shard,Synthesis Material
1CDC64C,2A6B0FC,Sys3+1134C,015A,Mythril Stone,Synthesis Material
1CDC664,2A6B114,Sys3+11364,015B,Mythril Gem,Synthesis Material
1CDC67C,2A6B12C,Sys3+1137C,015C,Mythril Crystal,Synthesis Material
1CDC694,2A6B144,Sys3+11394,240,Remembrance Shard,Synthesis Material
1CDC6AC,2A6B15C,Sys3+113AC,241,Remembrance Stone,Synthesis Material
1CDC6C4,2A6B174,Sys3+113C4,242,Remembrance Gem,Synthesis Material
1CDC6DC,2A6B18C,Sys3+113DC,243,Remembrance Crystal,Synthesis Material
1CDC6F4,2A6B1A4,Sys3+113F4,244,Tranquility Shard,Synthesis Material
1CDC70C,2A6B1BC,Sys3+1140C,245,Tranquility Stone,Synthesis Material
1CDC724,2A6B1D4,Sys3+11424,246,Tranquility Gem,Synthesis Material
1CDC73C,2A6B1EC,Sys3+1143C,247,Tranquility Crystal,Synthesis Material
1CDC754,2A6B204,Sys3+11454,015D,Bright Shard,Synthesis Material
1CDC76C,2A6B21C,Sys3+1146C,015E,Bright Stone,Synthesis Material
1CDC784,2A6B234,Sys3+11484,015F,Bright Gem,Synthesis Material
1CDC79C,2A6B24C,Sys3+1149C,160,Bright Crystal,Synthesis Material
1CDC7B4,2A6B264,Sys3+114B4,161,Energy Shard,Synthesis Material
1CDC7CC,2A6B27C,Sys3+114CC,162,Energy Stone,Synthesis Material
1CDC7E4,2A6B294,Sys3+114E4,163,Energy Gem,Synthesis Material
1CDC7FC,2A6B2AC,Sys3+114FC,164,Energy Crystal,Synthesis Material
1CDC814,2A6B2C4,Sys3+11514,165,Serenity Shard,Synthesis Material
1CDC82C,2A6B2DC,Sys3+1152C,166,Serenity Stone,Synthesis Material
1CDC844,2A6B2F4,Sys3+11544,167,Serenity Gem,Synthesis Material
1CDC85C,2A6B30C,Sys3+1155C,168,Serenity Crystal,Synthesis Material
1CDC874,2A6B324,Sys3+11574,249,Manifest Illusion,Synthesis Material
1CDC88C,2A6B33C,Sys3+1158C,248,Lost Illusion,Synthesis Material
1CDC8A4,2A6B354,Sys3+115A4,179,Orichalcum,Synthesis Material
1CDC8BC,2A6B36C,Sys3+115BC,169,Orichalcum+,Synthesis Material
1CDC8D4,2A6B384,Sys3+115D4,15,Fire Element,Magic
1CDC8EC,2A6B39C,Sys3+115EC,16,Blizzard Element,Magic
1CDC904,2A6B3B4,Sys3+11604,17,Thunder Element,Magic
1CDC91C,2A6B3CC,Sys3+1161C,18,Cure Element,Magic
1CDC934,2A6B3E4,Sys3+11634,57,Magnet Element,Magic
1CDC94C,2A6B3FC,Sys3+1164C,58,Reflect Element,Magic
1CDC964,2A6B414,Sys3+11664,017F,Baseball Charm,Summon
1CDC97C,2A6B42C,Sys3+1167C,009F,Lamp Charm,Summon
1CDC994,2A6B444,Sys3+11694,19,Ukulele Charm,Summon
1CDC9AC,2A6B45C,Sys3+116AC,00A0,Feather Charm,Summon
1CDC9C4,2A6B474,Sys3+116C4,001A,Valor Form,Form
1CDC9DC,2A6B48C,Sys3+116DC,001B,Wisdom Form,Form
1CDC9F4,2A6B4A4,Sys3+116F4,233,Limit Form,Form
1CDCA0C,2A6B4BC,Sys3+1170C,001F,Master Form,Form
1CDCA24,2A6B4D4,Sys3+11724,001D,Final Form,Form
1CDCA3C,2A6B4EC,Sys3+1173C,001E,Anti Form,Form
1CDCA54,2A6B504,Sys3+11754,005E,High Jump LV1,Ability
1CDCA6C,2A6B51C,Sys3+1176C,005F,High Jump LV2,Ability
1CDCA84,2A6B534,Sys3+11784,60,High Jump LV3,Ability
1CDCA9C,2A6B54C,Sys3+1179C,61,High Jump MAX,Ability
1CDCAB4,2A6B564,Sys3+117B4,62,Quick Run LV1,Ability
1CDCACC,2A6B57C,Sys3+117CC,63,Quick Run LV2,Ability
1CDCAE4,2A6B594,Sys3+117E4,64,Quick Run LV3,Ability
1CDCAFC,2A6B5AC,Sys3+117FC,65,Quick Run MAX,Ability
1CDCB14,2A6B5C4,Sys3+11814,234,Dodge Roll LV 1,Ability
1CDCB2C,2A6B5DC,Sys3+1182C,235,Dodge Roll LV 2,Ability
1CDCB44,2A6B5F4,Sys3+11844,236,Dodge Roll LV 3,Ability
1CDCB5C,2A6B60C,Sys3+1185C,237,Dodge Roll MAX,Ability
1CDCB74,2A6B624,Sys3+11874,66,Aerial Dodge LV1,Ability
1CDCB8C,2A6B63C,Sys3+1188C,67,Aerial Dodge LV2,Ability
1CDCBA4,2A6B654,Sys3+118A4,68,Aerial Dodge LV3,Ability
1CDCBBC,2A6B66C,Sys3+118BC,69,Aerial Dodge MAX,Ability
1CDCBD4,2A6B684,Sys3+118D4,006A,Glide LV1,Ability
1CDCBEC,2A6B69C,Sys3+118EC,006B,Glide LV2,Ability
1CDCC04,2A6B6B4,Sys3+11904,006C,Glide LV3,Ability
1CDCC1C,2A6B6CC,Sys3+1191C,006D,Glide MAX,Ability
1CDCC34,2A6B6E4,Sys3+11934,239,Sonic Rave,Ability
1CDCC4C,2A6B6FC,Sys3+1194C,023A,Ars Arcanum,Ability
1CDCC64,2A6B714,Sys3+11964,023B,Strike Raid,Ability
1CDCC7C,2A6B72C,Sys3+1197C,023C,Ragnarok,Ability
1CDCC94,2A6B744,Sys3+11994,023D,Zantetsuken,Ability
1CDCCAC,2A6B75C,Sys3+119AC,023E,Ripple Drive,Ability
1CDCCC4,2A6B774,Sys3+119C4,023F,Hurricane Period,Ability
1CDCCDC,2A6B78C,Sys3+119DC,024B,Zantetsu Counter,Ability
1CDCCF4,2A6B7A4,Sys3+119F4,024C,Reflect Combo,Ability
1CDCD0C,2A6B7BC,Sys3+11A0C,024D,HP Gain,Ability
1CDCD24,2A6B7D4,Sys3+11A24,020F,Final Arcana,Ability
1CDCD3C,2A6B7EC,Sys3+11A3C,210,Final Strike,Ability
1CDCD54,2A6B804,Sys3+11A54,211,Final Arts,Ability
1CDCD6C,2A6B81C,Sys3+11A6C,207,Auto Assault,Ability
1CDCD84,2A6B834,Sys3+11A84,212,Crime & Punishment,Ability
1CDCD9C,2A6B84C,Sys3+11A9C,00D8,Brave Shot,Ability
1CDCDB4,2A6B864,Sys3+11AB4,00D9,Brave Beat,Ability
1CDCDCC,2A6B87C,Sys3+11ACC,00DA,Sonic Strike,Ability
1CDCDE4,2A6B894,Sys3+11AE4,00DB,Sonic End,Ability
1CDCDFC,2A6B8AC,Sys3+11AFC,00F6,Over the Horizon,Ability
1CDCE14,2A6B8C4,Sys3+11B14,00F7,Omega Finale,Ability
1CDCE2C,2A6B8DC,Sys3+11B2C,00DF,Synch Blade,Ability
1CDCE44,2A6B8F4,Sys3+11B44,00DC,Wisdom Shot,Ability
1CDCE5C,2A6B90C,Sys3+11B5C,00DD,Mobile Action,Ability
1CDCE74,2A6B924,Sys3+11B74,00E0,Magic Haste,Ability
1CDCE8C,2A6B93C,Sys3+11B8C,00E1,Magic Spice,Ability
1CDCEA4,2A6B954,Sys3+11BA4,101,Master Strike,Ability
1CDCEBC,2A6B96C,Sys3+11BBC,102,Disaster,Ability
1CDCED4,2A6B984,Sys3+11BD4,105,Master Magic,Ability
1CDCEEC,2A6B99C,Sys3+11BEC,103,Endless Magic,Ability
1CDCF04,2A6B9B4,Sys3+11C04,00F8,Anti Glide Dummy,Ability
1CDCF1C,2A6B9CC,Sys3+11C1C,00F9,Side Spin Dummy,Ability
1CDCF34,2A6B9E4,Sys3+11C34,209,Combo Upper,Ability
1CDCF4C,2A6B9FC,Sys3+11C4C,020A,Aerial Impulse,Ability
1CDCF64,2A6BA14,Sys3+11C64,208,Finishing Blast,Ability
1CDCF7C,2A6BA2C,Sys3+11C7C,020B,Retaliating Smash,Ability
1CDCF94,2A6BA44,Sys3+11C94,020D,Running Tackle,Ability
1CDCFAC,2A6BA5C,Sys3+11CAC,020E,Dash,Ability
1CDCFC4,2A6BA74,Sys3+11CC4,52,Guard,Ability
1CDCFDC,2A6BA8C,Sys3+11CDC,89,Upper Slash,Ability
1CDCFF4,2A6BAA4,Sys3+11CF4,010F,Horizontal Slash,Ability
1CDD00C,2A6BABC,Sys3+11D0C,010B,Finishing Leap,Ability
1CDD024,2A6BAD4,Sys3+11D24,111,Retaliating Slash,Ability
1CDD03C,2A6BAEC,Sys3+11D3C,106,Slapshot,Ability
1CDD054,2A6BB04,Sys3+11D54,107,Dodge Slash,Ability
1CDD06C,2A6BB1C,Sys3+11D6C,022F,Flash Step,Ability
1CDD084,2A6BB34,Sys3+11D84,108,Slide Dash,Ability
1CDD09C,2A6BB4C,Sys3+11D9C,232,Vicinity Break,Ability
1CDD0B4,2A6BB64,Sys3+11DB4,109,Guard Break,Ability
1CDD0CC,2A6BB7C,Sys3+11DCC,010A,Explosion,Ability
1CDD0E4,2A6BB94,Sys3+11DE4,010D,Aerial Sweep,Ability
1CDD0FC,2A6BBAC,Sys3+11DFC,230,Aerial Dive,Ability
1CDD114,2A6BBC4,Sys3+11E14,010E,Aerial Spiral,Ability
1CDD12C,2A6BBDC,Sys3+11E2C,110,Aerial Finish,Ability
1CDD144,2A6BBF4,Sys3+11E44,231,Magnet Burst,Ability
1CDD15C,2A6BC0C,Sys3+11E5C,010C,Counterguard,Ability
1CDD174,2A6BC24,Sys3+11E74,181,Auto Valor,Ability
1CDD18C,2A6BC3C,Sys3+11E8C,182,Auto Wisdom,Ability
1CDD1A4,2A6BC54,Sys3+11EA4,238,Auto Limit,Ability
1CDD1BC,2A6BC6C,Sys3+11EBC,183,Auto Master,Ability
1CDD1D4,2A6BC84,Sys3+11ED4,184,Auto Final,Ability
1CDD1EC,2A6BC9C,Sys3+11EEC,185,Auto Summon,Ability
1CDD204,2A6BCB4,Sys3+11F04,00A5,Donald Fire,Ability
1CDD21C,2A6BCCC,Sys3+11F1C,00A6,Donald Blizzard,Ability
1CDD234,2A6BCE4,Sys3+11F34,00A7,Donald Thunder,Ability
1CDD24C,2A6BCFC,Sys3+11F4C,00A8,Donald Cure,Ability
1CDD264,2A6BD14,Sys3+11F64,01A7,Goofy Tornado,Ability
1CDD27C,2A6BD2C,Sys3+11F7C,01AD,Goofy Bash,Ability
1CDD294,2A6BD44,Sys3+11F94,01A9,Goofy Turbo,Ability
1CDD2AC,2A6BD5C,Sys3+11FAC,01AA,Slash Frenzy,Ability
1CDD2C4,2A6BD74,Sys3+11FC4,01AB,Quickplay,Ability
1CDD2DC,2A6BD8C,Sys3+11FDC,01AC,Divider,Ability
1CDD2F4,2A6BDA4,Sys3+11FF4,00B0,Healing Water,Ability
1CDD30C,2A6BDBC,Sys3+1200C,00B1,Furious Shout,Ability
1CDD324,2A6BDD4,Sys3+12024,01AE,Ferocious Rush,Ability
1CDD33C,2A6BDEC,Sys3+1203C,01AF,Blazing Fury,Ability
1CDD354,2A6BE04,Sys3+12054,01B0,Icy Terror,Ability
1CDD36C,2A6BE1C,Sys3+1206C,01B1,Bolts of Sorrow,Ability
1CDD384,2A6BE34,Sys3+12084,01B2,Mushu Fire,Ability
1CDD39C,2A6BE4C,Sys3+1209C,01B3,Flametongue,Ability
1CDD3B4,2A6BE64,Sys3+120B4,01B6,Dark Aura,Ability
1CDD3CC,2A6BE7C,Sys3+120CC,01B4,Dark Shield,Ability
1CDD3E4,2A6BE94,Sys3+120E4,00BB,Cure Potion,Ability
1CDD3FC,2A6BEAC,Sys3+120FC,01B7,Fierce Claw,Ability
1CDD414,2A6BEC4,Sys3+12114,01B8,Groundshaker,Ability
1CDD42C,2A6BEDC,Sys3+1212C,00BE,Healing Herb,Ability
1CDD444,2A6BEF4,Sys3+12144,01BE,No Mercy,Ability
1CDD45C,2A6BF0C,Sys3+1215C,01BF,Rain Storm,Ability
1CDD474,2A6BF24,Sys3+12174,01C0,Bone Smash,Ability
1CDD48C,2A6BF3C,Sys3+1218C,01BC,Scouting Disk,Ability
1CDD4A4,2A6BF54,Sys3+121A4,01BD,Slow 2,Ability
1CDD4BC,2A6BF6C,Sys3+121BC,00C3,Slow 3,Ability
1CDD4D4,2A6BF84,Sys3+121D4,00D7,Pulsing Thunder,Ability
1CDD4EC,2A6BF9C,Sys3+121EC,00C6,Trinity Limit,Ability
1CDD504,2A6BFB4,Sys3+12204,00C7,Fantasia,Ability
1CDD51C,2A6BFCC,Sys3+1221C,00C8,Flare Force,Ability
1CDD534,2A6BFE4,Sys3+12234,00C9,Tornado Fusion,Ability
1CDD54C,2A6BFFC,Sys3+1224C,00CA,Teamwork,Ability
1CDD564,2A6C014,Sys3+12264,00CB,Trick Fantasy,Ability
1CDD57C,2A6C02C,Sys3+1227C,00CC,Overdrive,Ability
1CDD594,2A6C044,Sys3+12294,00CD,Howling Moon,Ability
1CDD5AC,2A6C05C,Sys3+122AC,00CE,"Applause, Applause",Ability
1CDD5C4,2A6C074,Sys3+122C4,00CF,Dragonblaze,Ability
1CDD5DC,2A6C08C,Sys3+122DC,00D0,Eternal Session,Ability
1CDD5F4,2A6C0A4,Sys3+122F4,00D1,King´s Pride,Ability
1CDD60C,2A6C0BC,Sys3+1230C,00D2,Treasure Isle,Ability
1CDD624,2A6C0D4,Sys3+12324,00D3,Complete Compilement,Ability
1CDD63C,2A6C0EC,Sys3+1233C,008A,Scan,Ability
1CDD654,2A6C104,Sys3+12354,009E,Aerial Recovery,Ability
1CDD66C,2A6C11C,Sys3+1236C,021B,Combo Master,Ability
1CDD684,2A6C134,Sys3+12384,00A2,Combo Plus,Ability
1CDD69C,2A6C14C,Sys3+1239C,00A3,Air Combo Plus,Ability
1CDD6B4,2A6C164,Sys3+123B4,186,Combo Boost,Ability
1CDD6CC,2A6C17C,Sys3+123CC,187,Air Combo Boost,Ability
1CDD6E4,2A6C194,Sys3+123E4,188,Reaction Boost,Ability
1CDD6FC,2A6C1AC,Sys3+123FC,189,Finishing Plus,Ability
1CDD714,2A6C1C4,Sys3+12414,018A,Negative Combo,Ability
1CDD72C,2A6C1DC,Sys3+1242C,018B,Berserk Charge,Ability
1CDD744,2A6C1F4,Sys3+12444,018C,Damage Drive,Ability
1CDD75C,2A6C20C,Sys3+1245C,018D,Drive Boost,Ability
1CDD774,2A6C224,Sys3+12474,018E,Form Boost,Ability
1CDD78C,2A6C23C,Sys3+1248C,018F,Summon Boost,Ability
1CDD7A4,2A6C254,Sys3+124A4,190,Combination Boost,Ability
1CDD7BC,2A6C26C,Sys3+124BC,191,Experience Boost,Ability
1CDD7D4,2A6C284,Sys3+124D4,192,Leaf Bracer,Ability
1CDD7EC,2A6C29C,Sys3+124EC,193,Magic Lock-On,Ability
1CDD804,2A6C2B4,Sys3+12504,021D,Light & Darkness,Ability
1CDD81C,2A6C2CC,Sys3+1251C,195,Draw,Ability
1CDD834,2A6C2E4,Sys3+12534,196,Jackpot,Ability
1CDD84C,2A6C2FC,Sys3+1254C,197,Lucky Lucky,Ability
1CDD864,2A6C314,Sys3+12564,021C,Drive Converter,Ability
1CDD87C,2A6C32C,Sys3+1257C,198,Fire Boost,Ability
1CDD894,2A6C344,Sys3+12594,199,Blizzard Boost,Ability
1CDD8AC,2A6C35C,Sys3+125AC,019A,Thunder Boost,Ability
1CDD8C4,2A6C374,Sys3+125C4,019B,Item Boost,Ability
1CDD8DC,2A6C38C,Sys3+125DC,019C,MP Rage,Ability
1CDD8F4,2A6C3A4,Sys3+125F4,019D,MP Haste,Ability
1CDD90C,2A6C3BC,Sys3+1260C,01A5,MP Hastera,Ability
1CDD924,2A6C3D4,Sys3+12624,01A6,MP Hastega,Ability
1CDD93C,2A6C3EC,Sys3+1263C,019E,Defender,Ability
1CDD954,2A6C404,Sys3+12654,021E,Damage Control,Ability
1CDD96C,2A6C41C,Sys3+1266C,019F,Second Chance,Ability
1CDD984,2A6C434,Sys3+12684,01A0,Once More,Ability
1CDD99C,2A6C44C,Sys3+1269C,194,No Experience,Ability
1CDD9B4,2A6C464,Sys3+126B4,01A1,Auto Limit,Ability
1CDD9CC,2A6C47C,Sys3+126CC,01A2,Auto Change,Ability
1CDD9E4,2A6C494,Sys3+126E4,01A3,Hyper Healing,Ability
1CDD9FC,2A6C4AC,Sys3+126FC,01A4,Auto Healing,Ability
1CDDA14,2A6C4C4,Sys3+12714,254,Protect,Ability
1CDDA2C,2A6C4DC,Sys3+1272C,255,Protectra,Ability
1CDDA44,2A6C4F4,Sys3+12744,256,Protectga,Ability
1CDDA5C,2A6C50C,Sys3+1275C,43,Elven Bandanna,Armor
1CDDA74,2A6C524,Sys3+12774,44,Divine Bandanna,Armor
1CDDA8C,2A6C53C,Sys3+1278C,004E,Protect Belt,Armor
1CDDAA4,2A6C554,Sys3+127A4,004F,Gaia Belt,Armor
1CDDABC,2A6C56C,Sys3+127BC,45,Power Band,Armor
1CDDAD4,2A6C584,Sys3+127D4,46,Buster Band,Armor
1CDDAEC,2A6C59C,Sys3+127EC,006F,Cosmic Belt,Armor
1CDDB04,2A6C5B4,Sys3+12804,00AD,Fire Bangle,Armor
1CDDB1C,2A6C5CC,Sys3+1281C,00AE,Fira Bangle,Armor
1CDDB34,2A6C5E4,Sys3+12834,00C5,Firaga Bangle,Armor
1CDDB4C,2A6C5FC,Sys3+1284C,011C,Firagun Bangle,Armor
1CDDB64,2A6C614,Sys3+12864,011E,Blizzard Armlet,Armor
1CDDB7C,2A6C62C,Sys3+1287C,011F,Blizzara Armlet,Armor
1CDDB94,2A6C644,Sys3+12894,120,Blizzaga Armlet,Armor
1CDDBAC,2A6C65C,Sys3+128AC,121,Blizzagun Armlet,Armor
1CDDBC4,2A6C674,Sys3+128C4,123,Thunder Trinket,Armor
1CDDBDC,2A6C68C,Sys3+128DC,124,Thundara Trinket,Armor
1CDDBF4,2A6C6A4,Sys3+128F4,125,Thundaga Trinket,Armor
1CDDC0C,2A6C6BC,Sys3+1290C,126,Thundagun Trinket,Armor
1CDDC24,2A6C6D4,Sys3+12924,84,Shock Charm,Armor
1CDDC3C,2A6C6EC,Sys3+1293C,85,Shock Charm+,Armor
1CDDC54,2A6C704,Sys3+12954,128,Shadow Anklet,Armor
1CDDC6C,2A6C71C,Sys3+1296C,129,Dark Anklet,Armor
1CDDC84,2A6C734,Sys3+12984,012A,Midnight Anklet,Armor
1CDDC9C,2A6C74C,Sys3+1299C,012B,Chaos Anklet,Armor
1CDDCB4,2A6C764,Sys3+129B4,131,Champion Belt,Armor
1CDDCCC,2A6C77C,Sys3+129CC,012D,Abas Chain,Armor
1CDDCE4,2A6C794,Sys3+129E4,012E,Aegis Chain,Armor
1CDDCFC,2A6C7AC,Sys3+129FC,012F,Acrisius,Armor
1CDDD14,2A6C7C4,Sys3+12A14,133,Acrisius+,Armor
1CDDD2C,2A6C7DC,Sys3+12A2C,134,Cosmic Chain,Armor
1CDDD44,2A6C7F4,Sys3+12A44,132,Petite Ribbon,Armor
1CDDD5C,2A6C80C,Sys3+12A5C,130,Ribbon,Armor
1CDDD74,2A6C824,Sys3+12A74,009D,Grand Ribbon,Armor
1CDDD8C,2A6C83C,Sys3+12A8C,8,Ability Ring,Accessory
1CDDDA4,2A6C854,Sys3+12AA4,9,Engineer´s Ring,Accessory
1CDDDBC,2A6C86C,Sys3+12ABC,000A,Technician´s Ring,Accessory
1CDDDD4,2A6C884,Sys3+12AD4,26,Skill Ring,Accessory
1CDDDEC,2A6C89C,Sys3+12AEC,27,Skillful Ring,Accessory
1CDDE04,2A6C8B4,Sys3+12B04,000B,Expert´s Ring,Accessory
1CDDE1C,2A6C8CC,Sys3+12B1C,22,Master´s Ring,Accessory
1CDDE34,2A6C8E4,Sys3+12B34,34,Cosmic Ring,Accessory
1CDDE4C,2A6C8FC,Sys3+12B4C,257,Executive's Ring,Accessory
1CDDE64,2A6C914,Sys3+12B64,000C,Sardonyx Ring,Accessory
1CDDE7C,2A6C92C,Sys3+12B7C,000D,Tourmaline Ring,Accessory
1CDDE94,2A6C944,Sys3+12B94,000E,Aquamarine Ring,Accessory
1CDDEAC,2A6C95C,Sys3+12BAC,000F,Garnet Ring,Accessory
1CDDEC4,2A6C974,Sys3+12BC4,10,Diamond Ring,Accessory
1CDDEDC,2A6C98C,Sys3+12BDC,11,Silver Ring,Accessory
1CDDEF4,2A6C9A4,Sys3+12BF4,12,Gold Ring,Accessory
1CDDF0C,2A6C9BC,Sys3+12C0C,13,Platinum Ring,Accessory
1CDDF24,2A6C9D4,Sys3+12C24,14,Mythril Ring,Accessory
1CDDF3C,2A6C9EC,Sys3+12C3C,001C,Orichalcum Ring,Accessory
1CDDF54,2A6CA04,Sys3+12C54,28,Soldier Earring,Accessory
1CDDF6C,2A6CA1C,Sys3+12C6C,002E,Fencer Earring,Accessory
1CDDF84,2A6CA34,Sys3+12C84,002F,Mage Earring,Accessory
1CDDF9C,2A6CA4C,Sys3+12C9C,30,Slayer Earring,Accessory
1CDDFB4,2A6CA64,Sys3+12CB4,35,Medal,Accessory
1CDDFCC,2A6CA7C,Sys3+12CCC,23,Moon Amulet,Accessory
1CDDFE4,2A6CA94,Sys3+12CE4,24,Star Charm,Accessory
1CDDFFC,2A6CAAC,Sys3+12CFC,38,Cosmic Arts,Accessory
1CDE014,2A6CAC4,Sys3+12D14,39,Shadow Archive,Accessory
1CDE02C,2A6CADC,Sys3+12D2C,003A,Shadow Archive+,Accessory
1CDE044,2A6CAF4,Sys3+12D44,40,Full Bloom,Accessory
1CDE05C,2A6CB0C,Sys3+12D5C,42,Full Bloom+,Accessory
1CDE074,2A6CB24,Sys3+12D74,41,Draw Ring,Accessory
1CDE08C,2A6CB3C,Sys3+12D8C,003F,Lucky Ring,Accessory
1CDE0A4,2A6CB54,Sys3+12DA4,59,Navigational Map,Map
1CDE0BC,2A6CB6C,Sys3+12DBC,005A,Castle Map,Map
1CDE0D4,2A6CB84,Sys3+12DD4,005B,Basement Map,Map
1CDE0EC,2A6CB9C,Sys3+12DEC,005C,Castle Walls Map,Map
1CDE104,2A6CBB4,Sys3+12E04,86,Coliseum Map,Map
1CDE11C,2A6CBCC,Sys3+12E1C,87,Underworld Map,Map
1CDE134,2A6CBE4,Sys3+12E34,88,Caverns Map,Map
1CDE14C,2A6CBFC,Sys3+12E4C,82,Palace Map,Map
1CDE164,2A6CC14,Sys3+12E64,70,Encampment Area Map,Map
1CDE17C,2A6CC2C,Sys3+12E7C,71,Village Area Map,Map
1CDE194,2A6CC44,Sys3+12E94,72,Cornerstone Hill Map,Map
1CDE1AC,2A6CC5C,Sys3+12EAC,206,Window of Time Map,Map
1CDE1C4,2A6CC74,Sys3+12EC4,73,Window of Time Map 2,Map
1CDE1DC,2A6CC8C,Sys3+12EDC,74,Lilliput Map,Map
1CDE1F4,2A6CCA4,Sys3+12EF4,75,Building Site Map,Map
1CDE20C,2A6CCBC,Sys3+12F0C,76,Mickey´s House Map,Map
1CDE224,2A6CCD4,Sys3+12F24,77,Disney Castle Map,Map
1CDE23C,2A6CCEC,Sys3+12F3C,00FA,Halloween Town Map,Map
1CDE254,2A6CD04,Sys3+12F54,01FD,Christmas Town Map,Map
1CDE26C,2A6CD1C,Sys3+12F6C,01FE,Curly Hill Map,Map
1CDE284,2A6CD34,Sys3+12F84,78,Agrabah Map,Map
1CDE29C,2A6CD4C,Sys3+12F9C,79,Cave of Wonders Map,Map
1CDE2B4,2A6CD64,Sys3+12FB4,007A,Ruins Map,Map
1CDE2CC,2A6CD7C,Sys3+12FCC,00FB,Naval Map,Map
1CDE2E4,2A6CD94,Sys3+12FE4,01F9,The Interceptor Map,Map
1CDE2FC,2A6CDAC,Sys3+12FFC,01FA,The Black Pearl Map,Map
1CDE314,2A6CDC4,Sys3+13014,01FB,Isla de Muerta Map,Map
1CDE32C,2A6CDDC,Sys3+1302C,01FC,Ship Graveyard Map,Map
1CDE344,2A6CDF4,Sys3+13044,00FC,Pride Rock Map,Map
1CDE35C,2A6CE0C,Sys3+1305C,01FF,Oasis Map,Map
1CDE374,2A6CE24,Sys3+13074,200,Savannah Map,Map
1CDE38C,2A6CE3C,Sys3+1308C,007B,Undersea Kingdom Map,Map
1CDE3A4,2A6CE54,Sys3+130A4,007C,Starry Hill,Map
1CDE3BC,2A6CE6C,Sys3+130BC,007D,100 Acre Wood Map,Map
1CDE3D4,2A6CE84,Sys3+130D4,007E,Rabbit´s Howse Map,Map
1CDE3EC,2A6CE9C,Sys3+130EC,007F,Piglet´s Howse Map,Map
1CDE404,2A6CEB4,Sys3+13104,80,Kanga´s Howse Map,Map
1CDE41C,2A6CECC,Sys3+1311C,81,Spooky Cave Map,Map
1CDE434,2A6CEE4,Sys3+13134,00FD,Marketplace Map,Map
1CDE44C,2A6CEFC,Sys3+1314C,201,Castle Perimeter Map,Map
1CDE464,2A6CF14,Sys3+13164,202,The Great Maw Map,Map
1CDE47C,2A6CF2C,Sys3+1317C,024E,Depths of Remembrance Map,Map
1CDE494,2A6CF44,Sys3+13194,024A,Dark Remembrance Map,Map
1CDE4AC,2A6CF5C,Sys3+131AC,250,Garden of Assemblage Map,Map
1CDE4C4,2A6CF74,Sys3+131C4,00FE,Pit Cell Area Map,Map
1CDE4DC,2A6CF8C,Sys3+131DC,203,I/O Tower Map,Map
1CDE4F4,2A6CFA4,Sys3+131F4,204,Central Computer Core Map,Map
1CDE50C,2A6CFBC,Sys3+1320C,205,Solar Sailer Simulation Map,Map
1CDE524,2A6CFD4,Sys3+13224,00FF,Twilight Town Map,Map
1CDE53C,2A6CFEC,Sys3+1323C,213,Sunset Hill Map,Map
1CDE554,2A6D004,Sys3+13254,214,Mansion Map,Map
1CDE56C,2A6D01C,Sys3+1326C,216,DH Map,Map
1CDE584,2A6D034,Sys3+13284,215,Tower Map,Map
1CDE59C,2A6D04C,Sys3+1329C,100,Dark City Map,Map
1CDE5B4,2A6D064,Sys3+132B4,218,Castle That Never Was Map,Map
1CDE5CC,2A6D07C,Sys3+132CC,29,Kingdom Key,Keyblade
1CDE5E4,2A6D094,Sys3+132E4,002A,Oathkeeper,Keyblade
1CDE5FC,2A6D0AC,Sys3+132FC,002B,Oblivion,Keyblade
1CDE614,2A6D0C4,Sys3+13314,1,Star Seeker,Keyblade
1CDE62C,2A6D0DC,Sys3+1332C,10,Hidden Dragon,Keyblade
1CDE644,2A6D0F4,Sys3+13344,10000,Hero´s Crest,Keyblade
1CDE65C,2A6D10C,Sys3+1335C,100000,Monochrome,Keyblade
1CDE674,2A6D124,Sys3+13374,1000000,Follow the Wind,Keyblade
1CDE68C,2A6D13C,Sys3+1338C,10000000,Circle of Life,Keyblade
1CDE6A4,2A6D154,Sys3+133A4,100000000,Photon Debugger,Keyblade
1CDE6BC,2A6D16C,Sys3+133BC,1000000000,Gull Wing,Keyblade
1CDE6D4,2A6D184,Sys3+133D4,01EA,Rumbling Rose,Keyblade
1CDE6EC,2A6D19C,Sys3+133EC,01EB,Guardian Soul,Keyblade
1CDE704,2A6D1B4,Sys3+13404,01EC,Wishing Lamp,Keyblade
1CDE71C,2A6D1CC,Sys3+1341C,01ED,Decisive Pumpkin,Keyblade
1CDE734,2A6D1E4,Sys3+13434,01EF,Sweet Memories,Keyblade
1CDE74C,2A6D1FC,Sys3+1344C,01F0,Mysterious Abyss,Keyblade
1CDE764,2A6D214,Sys3+13464,01EE,Sleeping Lion,Keyblade
1CDE77C,2A6D22C,Sys3+1347C,01F2,Bond of Flame,Keyblade
1CDE794,2A6D244,Sys3+13494,021F,Two Become One,Keyblade
1CDE7AC,2A6D25C,Sys3+134AC,01F1,Fatal Crest,Keyblade
1CDE7C4,2A6D274,Sys3+134C4,01F3,Fenrir,Keyblade
1CDE7DC,2A6D28C,Sys3+134DC,01F4,Ultima Weapon,Keyblade
1CDE7F4,2A6D2A4,Sys3+134F4,220,Winner's Proof,Keyblade
1CDE80C,2A6D2BC,Sys3+1350C,180,Struggle Sword,Keyblade
1CDE824,2A6D2D4,Sys3+13524,01F5,Struggle Wand,Keyblade
1CDE83C,2A6D2EC,Sys3+1353C,01F6,Struggle Hammer,Keyblade
1CDE854,2A6D304,Sys3+13554,002C,Detection Saber,Keyblade
1CDE86C,2A6D31C,Sys3+1356C,002D,Frontier of Ultima,Keyblade
1CDE884,2A6D334,Sys3+13584,47,Antiform Dummy,Keyblade
1CDE89C,2A6D34C,Sys3+1359C,004B,Mage´s Staff,Staff
1CDE8B4,2A6D364,Sys3+135B4,94,Hammer Staff,Staff
1CDE8CC,2A6D37C,Sys3+135CC,95,Victory Bell,Staff
1CDE8E4,2A6D394,Sys3+135E4,97,Comet Staff,Staff
1CDE8FC,2A6D3AC,Sys3+135FC,98,Lord´s Broom,Staff
1CDE914,2A6D3C4,Sys3+13614,99,Wisdom Wand,Staff
1CDE92C,2A6D3DC,Sys3+1362C,96,Meteor Staff,Staff
1CDE944,2A6D3F4,Sys3+13644,009A,Rising Dragon,Staff
1CDE95C,2A6D40C,Sys3+1365C,009C,Shaman´s Relic,Staff
1CDE974,2A6D424,Sys3+13674,258,Shaman's Relic+,Staff
1CDE98C,2A6D43C,Sys3+1368C,009B,Nobody Lance,Staff
1CDE9A4,2A6D454,Sys3+136A4,221,Centurion,Staff
1CDE9BC,2A6D46C,Sys3+136BC,222,Centurion+,Staff
1CDE9D4,2A6D484,Sys3+136D4,100,Save the Queen,Staff
1CDE9EC,2A6D49C,Sys3+136EC,01F7,Save the Queen+,Staff
1CDEA04,2A6D4B4,Sys3+13704,223,Plain Mushroom,Staff
1CDEA1C,2A6D4CC,Sys3+1371C,224,Plain Mushroom+,Staff
1CDEA34,2A6D4E4,Sys3+13734,225,Precious Mushroom,Staff
1CDEA4C,2A6D4FC,Sys3+1374C,226,Precious Mushroom+,Staff
1CDEA64,2A6D514,Sys3+13764,227,Premium Mushroom,Staff
1CDEA7C,2A6D52C,Sys3+1377C,00A1,Staff of Detection,Staff
1CDEA94,2A6D544,Sys3+13794,31,Knight´s Shield,Shield
1CDEAAC,2A6D55C,Sys3+137AC,008B,Adamant Shield,Shield
1CDEAC4,2A6D574,Sys3+137C4,008C,Chain Gear,Shield
1CDEADC,2A6D58C,Sys3+137DC,008E,Falling Star,Shield
1CDEAF4,2A6D5A4,Sys3+137F4,008F,Dreamcloud,Shield
1CDEB0C,2A6D5BC,Sys3+1380C,90,Knight Defender,Shield
1CDEB24,2A6D5D4,Sys3+13824,008D,Ogre Shield,Shield
1CDEB3C,2A6D5EC,Sys3+1383C,91,Genji Shield,Shield
1CDEB54,2A6D604,Sys3+13854,92,Akashic Record,Shield
1CDEB6C,2A6D61C,Sys3+1386C,259,Akashic Record+,Shield
1CDEB84,2A6D634,Sys3+13884,93,Nobody Guard,Shield
1CDEB9C,2A6D64C,Sys3+1389C,228,Frozen Pride,Shield
1CDEBB4,2A6D664,Sys3+138B4,229,Frozen Pride+,Shield
1CDEBCC,2A6D67C,Sys3+138CC,1000,Save the King,Shield
1CDEBE4,2A6D694,Sys3+138E4,01F8,Save the King+,Shield
1CDEBFC,2A6D6AC,Sys3+138FC,022A,Joyous Mushroom,Shield
1CDEC14,2A6D6C4,Sys3+13914,022B,Joyous Mushroom+,Shield
1CDEC2C,2A6D6DC,Sys3+1392C,022C,Majestic Mushroom,Shield
1CDEC44,2A6D6F4,Sys3+13944,022D,Majestic Mushroom+,Shield
1CDEC5C,2A6D70C,Sys3+1395C,022E,Ultimate Mushroom,Shield
1CDEC74,2A6D724,Sys3+13974,32,Detection Shield,Shield
1CDEC8C,2A6D73C,Sys3+1398C,33,Test the King,Shield
1CDECA4,2A6D754,Sys3+139A4,48,Scimitar,Aladdin's Weapon
1CDECBC,2A6D76C,Sys3+139BC,36,Battlefields of War,Auron's Weapon
1CDECD4,2A6D784,Sys3+139D4,37,Sword of the Ancestor,Mulan's Weapon
1CDECEC,2A6D79C,Sys3+139EC,50,Unused Weapon,Mulan's Weapon
1CDED04,2A6D7B4,Sys3+13A04,004A,Identity Disk,Tron's Weapon
1CDED1C,2A6D7CC,Sys3+13A1C,51,Kingdom Key W (FAKE),Keyblade
1CDED34,2A6D7E4,Sys3+13A34,003B,Beast´s Claw,Beast's Weapon
1CDED4C,2A6D7FC,Sys3+13A4C,003C,Bone Fist,Jack Skellington's Weapon
1CDED64,2A6D814,Sys3+13A64,003D,Proud Fang,Simba's Weapon
1CDED7C,2A6D82C,Sys3+13A7C,003E,Skill and Crossbones,Jack Sparrow's Weapon
1CDED94,2A6D844,Sys3+13A94,49,Way to the Dawn,Riku's Weapon